{
    "DroneCount": 1,
    "Length": 3.299999952316284,
    "Tracks": [
        {
            "Name": "Drone 0 Track",
            "Length": 3.299999952316284,
            "StartPosition": {
                "x": 0.0,
                "y": 0.0,
                "z": 0.5
            },
            "StartColor": {
                "r": 0.0,
                "g": 117.0,
                "b": 255.0,
                "a": 0.0
            },
            "CompressedTrajectory": [
                0,
                0,
                0,
                0,
                244,
                1,
                0,
                0,
                4,
                76,
                4,
                244,
                1,
                4,
                76,
                4,
                12,
                254,
                4,
                76,
                4,
                0,
                0
            ],
            "LedTimings": [
                0,
                1,
                3,
                191,
                1,
                74,
                3,
                191,
                0,
                0,
                0,
                0
            ]
        }
    ]
}