{
    "DroneCount": 2,
    "Length": 8.0,
    "Tracks": [
        {
            "Name": "Drone 0 Track",
            "Length": 8.0,
            "StartPosition": {
                "x": 0.0,
                "y": -0.5000001192092896,
                "z": 0.4999997615814209
            },
            "StartColor": {
                "r": 0.0,
                "g": 127.0,
                "b": 255.0,
                "a": 0.0
            },
            "CompressedTrajectory": [
                0,
                0,
                12,
                254,
                244,
                1,
                0,
                0,
                34,
                208,
                7,
                0,
                0,
                19,
                254,
                12,
                254,
                244,
                1,
                221,
                2,
                232,
                3,
                42,
                208,
                7,
                5,
                254,
                245,
                254,
                0,
                0,
                12,
                254,
                12,
                254,
                12,
                254,
                243,
                4,
                213,
                5,
                220,
                5,
                42,
                208,
                7,
                11,
                1,
                152,
                1,
                244,
                1,
                12,
                254,
                12,
                254,
                12,
                254,
                227,
                5,
                188,
                4,
                232,
                3,
                42,
                208,
                7,
                80,
                2,
                0,
                0,
                0,
                0,
                12,
                254,
                12,
                254,
                12,
                254,
                20,
                3,
                244,
                1,
                244,
                1
            ],
            "LedTimings": [
                0,
                1,
                3,
                255,
                3,
                32,
                3,
                255,
                0,
                0,
                0,
                0
            ]
        },
        {
            "Name": "Drone 1 Track",
            "Length": 8.0,
            "StartPosition": {
                "x": -4.371138828673793e-8,
                "y": 0.5000001192092896,
                "z": 1.500000238418579
            },
            "StartColor": {
                "r": 0.0,
                "g": 127.0,
                "b": 255.0,
                "a": 0.0
            },
            "CompressedTrajectory": [
                0,
                0,
                244,
                1,
                220,
                5,
                0,
                0,
                34,
                208,
                7,
                0,
                0,
                237,
                1,
                244,
                1,
                220,
                5,
                243,
                4,
                232,
                3,
                42,
                208,
                7,
                251,
                1,
                11,
                1,
                0,
                0,
                244,
                1,
                244,
                1,
                244,
                1,
                221,
                2,
                251,
                1,
                244,
                1,
                42,
                208,
                7,
                245,
                254,
                104,
                254,
                12,
                254,
                244,
                1,
                244,
                1,
                244,
                1,
                237,
                1,
                20,
                3,
                232,
                3,
                42,
                208,
                7,
                176,
                253,
                0,
                0,
                0,
                0,
                244,
                1,
                244,
                1,
                244,
                1,
                188,
                4,
                220,
                5,
                220,
                5
            ],
            "LedTimings": [
                0,
                1,
                3,
                255,
                3,
                32,
                3,
                255,
                0,
                0,
                0,
                0
            ]
        }
    ]
}