{
    "DroneCount": 2,
    "Length": 38.150001525878909,
    "Tracks": [
        {
            "Name": "Drone 0 Track",
            "Length": 38.150001525878909,
            "StartPosition": {
                "x": 0.0,
                "y": 0.30864930152893069,
                "z": 0.4999999701976776
            },
            "CompressedTrajectory": [
                0,
                0,
                53,
                1,
                244,
                1,
                0,
                0
            ],
            "LedTimings": [
                0,
                1,
                217,
                4,
                0,
                250,
                35,
                251,
                0,
                250,
                217,
                4,
                0,
                252,
                7,
                225,
                0,
                118,
                255,
                255,
                0,
                167,
                0,
                0,
                0,
                167,
                255,
                255,
                0,
                167,
                0,
                0,
                0,
                167,
                255,
                255,
                0,
                167,
                0,
                0,
                0,
                243,
                0,
                0,
                0,
                167,
                255,
                255,
                0,
                167,
                0,
                0,
                0,
                167,
                255,
                255,
                0,
                167,
                0,
                0,
                0,
                167,
                255,
                255,
                0,
                167,
                0,
                0,
                0,
                253,
                200,
                31,
                2,
                103,
                0,
                0,
                0,
                0,
                0,
                0
            ]
        },
        {
            "Name": "Drone 1 Track",
            "Length": 38.150001525878909,
            "StartPosition": {
                "x": 0.0,
                "y": -0.34345924854278567,
                "z": 0.4999999701976776
            },
            "CompressedTrajectory": [
                0,
                0,
                169,
                254,
                244,
                1,
                0,
                0
            ],
            "LedTimings": [
                0,
                1,
                240,
                161,
                0,
                250,
                12,
                94,
                0,
                250,
                240,
                161,
                0,
                252,
                7,
                225,
                0,
                118,
                255,
                255,
                0,
                167,
                0,
                0,
                0,
                167,
                255,
                255,
                0,
                167,
                0,
                0,
                0,
                167,
                255,
                255,
                0,
                167,
                0,
                0,
                0,
                243,
                255,
                255,
                0,
                167,
                0,
                0,
                0,
                167,
                255,
                255,
                0,
                167,
                0,
                0,
                0,
                167,
                255,
                255,
                0,
                167,
                0,
                0,
                0,
                167,
                255,
                255,
                0,
                253,
                200,
                31,
                2,
                103,
                0,
                0,
                0,
                0,
                0,
                0
            ]
        }
    ]
}