{
    "DroneCount": 4,
    "Length": 10.25,
    "Tracks": [
        {
            "Name": "Drone 1 Track",
            "Length": 8.75,
            "StartPosition": {
                "x": -0.25,
                "y": 0.6000000238418579,
                "z": 1.0
            },
            "StartColor": {
                "r": 255.0,
                "g": 7.0,
                "b": 0.0,
                "a": 0.0
            },
            "CompressedTrajectory": [
                6,
                255,
                88,
                2,
                232,
                3,
                0,
                0,
                1,
                226,
                4,
                250,
                0,
                1,
                226,
                4,
                18,
                253,
                1,
                226,
                4,
                250,
                0,
                1,
                226,
                4,
                18,
                253,
                1,
                226,
                4,
                250,
                0,
                1,
                226,
                4,
                18,
                253,
                1,
                226,
                4,
                6,
                255
            ],
            "LedTimings": [
                0,
                1,
                248,
                64,
                3,
                107,
                248,
                64,
                0,
                0,
                0,
                0
            ]
        },
        {
            "Name": "Drone 0 Track",
            "Length": 9.25,
            "StartPosition": {
                "x": -0.25,
                "y": 0.20000000298023225,
                "z": 1.0
            },
            "StartColor": {
                "r": 255.0,
                "g": 7.0,
                "b": 0.0,
                "a": 0.0
            },
            "CompressedTrajectory": [
                6,
                255,
                200,
                0,
                232,
                3,
                0,
                0,
                0,
                244,
                1,
                1,
                226,
                4,
                250,
                0,
                1,
                226,
                4,
                18,
                253,
                1,
                226,
                4,
                250,
                0,
                1,
                226,
                4,
                18,
                253,
                1,
                226,
                4,
                250,
                0,
                1,
                226,
                4,
                18,
                253,
                1,
                226,
                4,
                6,
                255
            ],
            "LedTimings": [
                0,
                1,
                248,
                64,
                3,
                157,
                248,
                64,
                0,
                0,
                0,
                0
            ]
        },
        {
            "Name": "Drone 4 Track",
            "Length": 9.75,
            "StartPosition": {
                "x": -0.25,
                "y": -0.20000003278255464,
                "z": 1.0
            },
            "StartColor": {
                "r": 255.0,
                "g": 7.0,
                "b": 0.0,
                "a": 0.0
            },
            "CompressedTrajectory": [
                6,
                255,
                56,
                255,
                232,
                3,
                0,
                0,
                0,
                232,
                3,
                1,
                226,
                4,
                250,
                0,
                1,
                226,
                4,
                18,
                253,
                1,
                226,
                4,
                250,
                0,
                1,
                226,
                4,
                18,
                253,
                1,
                226,
                4,
                250,
                0,
                1,
                226,
                4,
                18,
                253,
                1,
                226,
                4,
                6,
                255
            ],
            "LedTimings": [
                0,
                1,
                248,
                64,
                3,
                207,
                248,
                64,
                0,
                0,
                0,
                0
            ]
        },
        {
            "Name": "Drone 3 Track",
            "Length": 10.25,
            "StartPosition": {
                "x": -0.25,
                "y": -0.6000000238418579,
                "z": 1.0
            },
            "StartColor": {
                "r": 255.0,
                "g": 7.0,
                "b": 0.0,
                "a": 0.0
            },
            "CompressedTrajectory": [
                6,
                255,
                168,
                253,
                232,
                3,
                0,
                0,
                0,
                220,
                5,
                1,
                226,
                4,
                250,
                0,
                1,
                226,
                4,
                18,
                253,
                1,
                226,
                4,
                250,
                0,
                1,
                226,
                4,
                18,
                253,
                1,
                226,
                4,
                250,
                0,
                1,
                226,
                4,
                18,
                253,
                1,
                226,
                4,
                6,
                255
            ],
            "LedTimings": [
                0,
                1,
                248,
                64,
                4,
                1,
                248,
                64,
                0,
                0,
                0,
                0
            ]
        }
    ]
}