{
    "DroneCount": 1,
    "Length": 2.9833333492279054,
    "Tracks": [
        {
            "Name": "Drone 0 Track",
            "Length": 2.9833333492279054,
            "StartPosition": {
                "x": -1.0,
                "y": -0.25,
                "z": 0.5
            },
            "StartColor": {
                "r": 255.0,
                "g": 0.0,
                "b": 0.0,
                "a": 0.0
            },
            "CompressedTrajectory": [
                24,
                252,
                6,
                255,
                244,
                1,
                0,
                0,
                42,
                244,
                1,
                24,
                252,
                140,
                252,
                18,
                253,
                6,
                255,
                9,
                255,
                6,
                255,
                244,
                1,
                211,
                1,
                244,
                1,
                42,
                5,
                2,
                152,
                253,
                8,
                254,
                12,
                254,
                3,
                255,
                116,
                255,
                0,
                0,
                21,
                2,
                55,
                2,
                88,
                2,
                42,
                227,
                1,
                16,
                254,
                128,
                253,
                2,
                253,
                140,
                0,
                255,
                0,
                250,
                0,
                121,
                2,
                155,
                2,
                188,
                2,
                42,
                5,
                2,
                132,
                252,
                30,
                252,
                24,
                252,
                244,
                0,
                138,
                0,
                4,
                0,
                221,
                2,
                255,
                2,
                32,
                3,
                42,
                227,
                1,
                18,
                252,
                136,
                252,
                14,
                253,
                127,
                255,
                5,
                255,
                6,
                255,
                65,
                3,
                99,
                3,
                132,
                3,
                42,
                227,
                1,
                147,
                253,
                12,
                254,
                12,
                254,
                7,
                255,
                6,
                255,
                6,
                255,
                165,
                3,
                132,
                3,
                132,
                3
            ],
            "LedTimings": [
                0,
                1,
                248,
                0,
                1,
                42,
                6,
                31,
                0,
                0,
                0,
                0
            ]
        }
    ]
}