{
    "DroneCount": 2,
    "Length": 10.133333206176758,
    "Tracks": [
        {
            "Name": "Drone 0 Track",
            "Length": 10.133333206176758,
            "StartPosition": {
                "x": -0.5,
                "y": -0.5,
                "z": 0.5
            },
            "StartColor": {
                "r": 0.0,
                "g": 127.0,
                "b": 255.0,
                "a": 0.0
            },
            "CompressedTrajectory": [
                12,
                254,
                12,
                254,
                244,
                1,
                0,
                0,
                42,
                17,
                0,
                12,
                254,
                12,
                254,
                12,
                254,
                12,
                254,
                12,
                254,
                12,
                254,
                244,
                1,
                244,
                1,
                244,
                1,
                42,
                215,
                3,
                12,
                254,
                0,
                0,
                0,
                0,
                12,
                254,
                12,
                254,
                12,
                254,
                244,
                1,
                244,
                1,
                244,
                1,
                42,
                249,
                3,
                0,
                0,
                24,
                252,
                24,
                252,
                12,
                254,
                12,
                254,
                12,
                254,
                244,
                1,
                244,
                1,
                244,
                1,
                42,
                9,
                4,
                24,
                252,
                95,
                254,
                12,
                254,
                12,
                254,
                157,
                254,
                12,
                254,
                244,
                1,
                244,
                1,
                244,
                1,
                42,
                26,
                4,
                185,
                253,
                74,
                253,
                24,
                252,
                123,
                253,
                19,
                2,
                0,
                0,
                244,
                1,
                244,
                1,
                244,
                1,
                42,
                93,
                4,
                230,
                250,
                111,
                255,
                0,
                0,
                237,
                253,
                83,
                0,
                0,
                0,
                244,
                1,
                244,
                1,
                244,
                1,
                42,
                20,
                5,
                145,
                0,
                12,
                254,
                12,
                254,
                173,
                255,
                12,
                254,
                12,
                254,
                244,
                1,
                244,
                1,
                244,
                1,
                42,
                26,
                4,
                12,
                254,
                12,
                254,
                12,
                254,
                12,
                254,
                0,
                0,
                0,
                0,
                244,
                1,
                244,
                1,
                244,
                1,
                42,
                243,
                4,
                12,
                254,
                12,
                254,
                12,
                254,
                0,
                0,
                24,
                252,
                24,
                252,
                244,
                1,
                244,
                1,
                244,
                1,
                42,
                20,
                5,
                12,
                254,
                12,
                254,
                12,
                254,
                24,
                252,
                12,
                254,
                12,
                254,
                244,
                1,
                244,
                1,
                244,
                1
            ],
            "LedTimings": [
                0,
                1,
                3,
                255,
                0,
                98,
                248,
                6,
                0,
                103,
                7,
                191,
                0,
                102,
                252,
                96,
                0,
                105,
                240,
                31,
                0,
                112,
                7,
                224,
                0,
                132,
                0,
                31,
                0,
                102,
                239,
                224,
                0,
                128,
                7,
                242,
                0,
                132,
                255,
                255,
                0,
                0,
                255,
                255,
                0,
                0,
                0,
                0
            ]
        },
        {
            "Name": "Drone 1 Track",
            "Length": 10.133333206176758,
            "StartPosition": {
                "x": -0.5,
                "y": 0.5,
                "z": 0.5
            },
            "StartColor": {
                "r": 0.0,
                "g": 127.0,
                "b": 255.0,
                "a": 0.0
            },