{
    "DroneCount": 1,
    "Length": 5.016666889190674,
    "Tracks": [
        {
            "Name": "Drone 0 Track",
            "Length": 5.016666889190674,
            "StartPosition": {
                "x": 0.0,
                "y": 0.0,
                "z": 0.5
            },
            "StartColor": {
                "r": 255.0,
                "g": 255.0,
                "b": 255.0,
                "a": 0.0
            },
            "CompressedTrajectory": [
                0,
                0,
                0,
                0,
                244,
                1,
                0,
                0,
                16,
                232,
                3,
                220,
                5,
                42,
                232,
                3,
                0,
                0,
                209,
                2,
                0,
                0,
                0,
                0,
                154,
                253,
                18,
                253,
                220,
                5,
                35,
                6,
                220,
                5,
                42,
                232,
                3,
                47,
                253,
                83,
                253,
                247,
                255,
                138,
                252,
                24,
                2,
                244,
                1,
                149,
                5,
                71,
                4,
                232,
                3,
                42,
                232,
                3,
                155,
                2,
                222,
                0,
                9,
                0,
                207,
                1,
                14,
                254,
                6,
                255,
                137,
                3,
                59,
                2,
                244,
                1,
                42,
                249,
                3,
                52,
                255,
                0,
                0,
                0,
                0,
                255,
                255,
                0,
                0,
                0,
                0,
                173,
                1,
                244,
                1,
                244,
                1
            ],
            "LedTimings": [
                0,
                1,
                255,
                255,
                0,
                5,
                0,
                0,
                0,
                5,
                255,
                255,
                0,
                5,
                0,
                0,
                0,
                5,
                255,
                255,
                0,
                5,
                0,
                0,
                0,
                5,
                255,
                255,
                0,
                5,
                0,
                0,
                0,
                5,
                255,
                255,
                0,
                5,
                0,
                0,
                0,
                5,
                255,
                255,
                0,
                5,
                0,
                0,
                0,
                5,
                255,
                255,
                0,
                5,
                0,
                0,
                0,
                5,
                255,
                255,
                0,
                5,
                0,
                0,
                0,
                5,
                255,
                255,
                0,
                5,
                0,
                0,
                0,
                5,
                255,
                255,
                0,
                5,
                0,
                0,
                0,
                7,
                255,
                255,
                1,
                144,
                248,
                0,
                0,
                0,
                0,
                0
            ]
        }
    ]
}