{
    "DroneCount": 1,
    "Length": 9.583333015441895,
    "Tracks": [
        {
            "Name": "Drone 0 Track",
            "Length": 9.583333015441895,
            "StartPosition": {
                "x": -0.9257822632789612,
                "y": -0.35967394709587099,
                "z": 0.499755859375
            },
            "StartColor": {
                "r": 0.0,
                "g": 0.0,
                "b": 0.0,
                "a": 0.0
            },
            "CompressedTrajectory": [
                98,
                252,
                152,
                254,
                244,
                1,
                0,
                0,
                0,
                232,
                3,
                26,
                232,
                3,
                98,
                252,
                224,
                252,
                12,
                254,
                152,
                254,
                212,
                254,
                0,
                0,
                244,
                1,
                10,
                232,
                3,
                56,
                255,
                0,
                0,
                0,
                0,
                44,
                1,
                44,
                1,
                0,
                0,
                10,
                232,
                3,
                0,
                0,
                56,
                255,
                12,
                254,
                212,
                254,
                212,
                254,
                0,
                0,
                26,
                232,
                3,
                224,
                252,
                25,
                252,
                25,
                252,
                44,
                1,
                47,
                1,
                3,
                0,
                244,
                1,
                26,
                232,
                3,
                25,
                252,
                224,
                252,
                12,
                254,
                215,
                254,
                212,
                254,
                0,
                0,
                244,
                1,
                26,
                253,
                5,
                56,
                255,
                218,
                255,
                218,
                255,
                44,
                1,
                104,
                1,
                104,
                1,
                244,
                1,
                16,
                2,
                8,
                166,
                0
            ],
            "LedTimings": [
                0,
                1,
                0,
                0,
                0,
                100,
                20,
                61,
                0,
                100,
                130,
                144,
                0,
                100,
                248,
                128,
                0,
                100,
                130,
                144,
                0,
                100,
                4,
                127,
                0,
                100,
                130,
                144,
                0,
                153,
                240,
                161,
                0,
                205,
                0,
                0,
                0,
                0,
                0,
                0
            ]
        }
    ]
}