{
    "DroneCount": 1,
    "Length": 9.583333015441895,
    "Tracks": [
        {
            "Name": "Drone 0 Track",
            "Length": 9.583333015441895,
            "StartPosition": {
                "x": -0.9257822632789612,
                "y": -0.35967394709587099,
                "z": 0.499755859375
            },
            "CompressedTrajectory": [
                98,
                252,
                152,
                254,
                244,
                1,
                0,
                0,
                0,
                232,
                3,
                26,
                232,
                3,
                98,
                252,
                224,
                252,
                12,
                254,
                152,
                254,
                212,
                254,
                0,
                0,
                244,
                1,
                10,
                232,
                3,
                56,
                255,
                0,
                0,
                0,
                0,
                44,
                1,
                44,
                1,
                0,
                0,
                10,
                232,
                3,
                0,
                0,
                56,
                255,
                12,
                254,
                212,
                254,
                212,
                254,
                0,
                0,
                26,
                232,
                3,
                224,
                252,
                25,
                252,
                25,
                252,
                44,
                1,
                47,
                1,
                3,
                0,
                244,
                1,
                26,
                232,
                3,
                25,
                252,
                224,
                252,
                12,
                254,
                215,
                254,
                212,
                254,
                0,
                0,
                244,
                1,
                26,
                232,
                3,
                56,
                255,
                218,
                255,
                218,
                255,
                44,
                1,
                104,
                1,
                104,
                1,
                244,
                1,
                16,
                23,
                10,
                166,
                0
            ],
            "ColorKeyframes": [
                {
                    "Duration": 0.0,
                    "LightColor": {
                        "r": 0.0,
                        "g": 0.0,
                        "b": 0.0,
                        "a": 0.0
                    }
                },
                {
                    "Duration": 1.0,
                    "LightColor": {
                        "r": 19.0,
                        "g": 132.0,
                        "b": 236.0,
                        "a": 0.0
                    }
                },
                {
                    "Duration": 1.0,
                    "LightColor": {
                        "r": 128.0,
                        "g": 79.0,
                        "b": 128.0,
                        "a": 0.0
                    }
                },
                {
                    "Duration": 1.0,
                    "LightColor": {
                        "r": 255.0,
                        "g": 17.0,
                        "b": 0.0,
                        "a": 0.0
                    }
                },
                {
                    "Duration": 1.0,
                    "LightColor": {
                        "r": 128.0,
                        "g": 79.0,
                        "b": 128.0,
                        "a": 0.0
                    }
                },
                {
                    "Duration": 1.0,
                    "LightColor": {
                        "r": 0.0,
                        "g": 141.0,
                        "b": 255.0,
                        "a": 0.0
                    }
                },
                {
                    "Duration": 1.0,
                    "LightColor": {
                        "r": 128.0,
                        "g": 79.0,
                        "b": 128.0,
                        "a": 0.0
                    }
                },
                {
                    "Duration": 1.0,
                    "LightColor": {
                        "r": 245.0,
                        "g": 22.0,
                        "b": 10.0,
                        "a": 0.0
                    }
                },
                {
                    "Duration": 2.5833330154418947,
                    "LightColor": {
                        "r": 0.0,
                        "g": 0.0,
                        "b": 0.0,
                        "a": 0.0
                    }
                }
            ]
        }
    ]
}