{
    "DroneCount": 1,
    "Length": 51.45000076293945,
    "Tracks": [
        {
            "Name": "Drone 0 Track",
            "Length": 51.45000076293945,
            "StartPosition": {
                "x": 0.0,
                "y": 0.0,
                "z": 0.5
            },
            "StartColor": {
                "r": 0.0,
                "g": 0.0,
                "b": 0.0,
                "a": 0.0
            },
            "CompressedTrajectory": [
                0,
                0,
                0,
                0,
                244,
                1,
                0,
                0,
                0,
                89,
                13
            ],
            "LedTimings": [
                0,
                1,
                0,
                0,
                2,
                25,
                0,
                0,
                0,
                68,
                249,
                128,
                0,
                103,
                0,
                0,
                0,
                73,
                7,
                225,
                0,
                108,
                0,
                0,
                0,
                122,
                5,
                127,
                0,
                110,
                0,
                0,
                3,
                39,
                0,
                0,
                0,
                25,
                255,
                255,
                0,
                25,
                0,
                0,
                0,
                25,
                255,
                255,
                0,
                25,
                0,
                0,
                0,
                25,
                255,
                255,
                0,
                25,
                0,
                0,
                0,
                25,
                255,
                255,
                0,
                35,
                0,
                0,
                4,
                103,
                0,
                0,
                0,
                58,
                248,
                224,
                0,
                35,
                251,
                32,
                0,
                35,
                253,
                128,
                0,
                35,
                223,
                0,
                0,
                35,
                159,
                96,
                0,
                35,
                103,
                192,
                0,
                35,
                63,
                228,
                0,
                35,
                39,
                234,
                0,
                35,
                15,
                240,
                0,
                35,
                7,
                21,
                0,
                35,
                5,
                218,
                0,
                35,
                4,
                191,
                0,
                35,
                27,
                31,
                0,
                35,
                49,
                159,
                0,
                35,
                72,
                31,
                0,
                35,
                136,
                29,
                0,
                35,
                200,
                28,
                0,
                35,
                248,
                25,
                0,
                35,
                248,
                15,
                0,
                35,
                248,
                6,
                0,
                35,
                248,
                224,
                0,
                108,
                0,
                0,
                2,
                80,
                0,
                0,
                0,
                67,
                152,
                31,
                1,
                99,
                0,
                0,
                0,
                0,
                0,
                0,
                0,
                0,
                0,
                0
            ]
        }
    ]
}